ClientIP,RequestCount
"159.89.228.253",79213
"81.0.220.178",77183
"204.48.21.167",75076
"171.22.119.89",69155
"142.93.46.6",68673
"47.197.114.74",66059
"34.96.248.183",61228
"103.141.136.28",59711
"171.22.119.92",57476
"171.22.119.88",56335
"171.22.119.87",55960
"132.226.127.29",55132
"171.22.119.9",53819
"34.170.143.105",49653
"171.22.119.93",46758
"213.59.127.210",44405
"171.22.119.90",44251
"34.140.119.239",43738
"118.167.3.11",40035
"2605:a140:2127:7689:5e3c:261c:9b9e:1a65",36417
"45.9.14.200",35168
"79.137.215.59",34298
"75.127.7.217",33833
"50.200.95.43",33469
"217.173.28.156",32455
"167.99.233.58",31431
"95.83.65.254",31422
"212.5.147.103",30638
"178.213.114.126",29956
"2604:6600:99:9::d659:a294",29833
"146.88.24.26",29521
"91.92.144.38",29395
"87.227.135.230",26690
"93.126.83.232",25685
"217.20.167.57",25675
"37.131.166.254",25101
"89.107.124.135",24815
"216.131.116.237",24639
"78.142.37.29",24583
"68.183.55.211",24420
"95.64.205.2",24380
"194.8.145.82",23830
"85.11.164.188",23681
"2a0c:16c0:505:2da::ceba",23350
"188.226.31.105",23300
"114.6.27.84",22757
"198.98.51.27",22675
"101.53.144.163",22606
"86.169.248.163",20884
"212.248.9.14",20763
"58.136.174.151",20619
"217.146.90.100",20292
"46.248.167.212",20289
"181.197.115.44",19343
"24.187.247.27",18788
"185.87.121.5",18239
"188.93.95.84",18230
"188.132.221.163",18025
"95.158.56.8",16678
"116.80.41.20",16550
"78.140.56.38",16197
"185.169.154.89",16138
"43.156.114.148",15974
"123.207.215.56",15656
"188.235.115.186",15643
"109.207.113.252",15479
"91.93.60.138",15141
"66.112.160.49",15006
"171.22.119.91",14527
"62.201.223.165",14336
"221.216.40.40",14325
"85.75.178.116",14239
"62.201.223.5",13967
"35.247.158.200",13893
"217.69.201.242",13721
"79.151.110.160",13580
"182.53.222.61",13448
"175.24.227.197",13350
"182.16.241.30",13325
"111.44.249.24",13298
"185.220.114.218",12942
"47.242.70.69",12870
"62.201.223.162",12637
"38.97.116.244",12413
"2a03:7380:22fe:7:dec:66:b409:7460",12155
"185.108.196.140",12080
"92.45.71.146",12076
"157.245.130.212",12069
"240e:39a:17b:4861:211:32ff:fec5:43fb",12057
"163.47.212.12",12027
"140.148.231.134",11869
"217.160.174.30",11836
"70.104.134.155",11640
"94.131.13.127",11638
"209.209.113.140",11582
"171.101.138.46",11399
"5.228.234.253",11094
"62.201.223.2",11090
"185.56.150.162",11019
"27.41.241.38",10923
"200.115.96.34",10643
"2607:5500:3000:161e::2",10371
"61.147.107.75",10330
"90.29.176.143",10296
"45.4.200.118",10144
"5.57.64.213",9945
"193.178.147.49",9927
"36.95.42.108",9921
"37.235.237.94",9911
"85.158.184.25",9871
"139.60.163.175",9757
"91.221.67.104",9717
"109.228.54.211",9714
"91.217.254.106",9591
"216.131.114.109",9559
"12.111.252.1",9536
"62.173.142.69",9484
"90.188.224.202",9473
"185.86.77.141",9323
"92.46.47.84",9315
"81.8.106.42",9280
"5.39.85.11",9160
"212.21.156.216",9032
"176.236.226.178",9022
"5.34.182.25",8906
"91.238.211.110",8889
"185.65.156.58",8864
"46.173.99.21",8805
"202.176.1.25",8775
"217.64.134.150",8763
"188.92.161.110",8731
"209.249.65.130",8666
"83.167.119.11",8606
"37.128.246.102",8569
"212.112.101.212",8566
"80.32.138.195",8543
"178.124.160.125",8463
"54.37.21.103",8463
"185.250.151.105",8397
"68.235.37.43",8362
"176.60.86.14",8346
"109.237.111.69",8320
"176.31.98.72",8300
"178.34.191.236",8104
"1.179.144.41",8084
"185.174.80.7",8073
"193.192.37.88",8069
"91.121.143.105",7998
"182.53.148.46",7953
"111.252.131.70",7952
"118.193.61.64",7940
"91.121.7.139",7890
"34.132.88.79",7876
"213.194.64.194",7843
"176.236.85.246",7839
"95.129.251.97",7809
"82.204.150.190",7767
"222.212.98.12",7762
"62.201.223.7",7690
"195.9.39.58",7689
"36.110.36.105",7676
"61.224.111.140",7631
"94.130.132.214",7629
"185.65.156.90",7607
"181.215.226.227",7599
"176.121.48.97",7576
"178.217.211.133",7457
"135.125.68.145",7451
"77.72.135.233",7404
"8.218.59.82",7386
"223.112.196.122",7360
"12.218.197.1",7268
"82.198.191.140",7258
"141.94.254.138",7212
"165.232.114.200",7207
"103.47.67.154",7204
"193.32.208.13",7176
"208.115.112.118",7158
"138.68.91.131",7134
"64.226.123.71",7115
"141.94.161.174",7115
"72.203.203.50",7109
"173.249.37.15",7045
"178.172.217.25",7028
"89.106.199.94",6982
"38.49.138.195",6933
"178.33.10.64",6888
"92.45.31.22",6860
"145.239.92.185",6822
"193.178.146.176",6820
"47.242.59.130",6819
"94.153.237.29",6794
"77.121.209.82",6721
"83.217.166.12",6694
"81.177.174.245",6674
"185.252.144.117",6619
"89.233.108.236",6598
"138.122.99.132",6550
"2a00:1210:0:fe::180:74ea",6525
"188.165.193.165",6484
"103.72.5.101",6453
"38.9.144.3",6443
"216.128.130.60",6442
"164.132.169.30",6431
"212.248.95.26",6374
"88.204.142.184",6370
"2.138.254.27",6344
"103.248.120.5",6341
"213.142.148.20",6315
"176.124.199.77",6306
"46.63.12.239",6286
"178.20.154.90",6230
"1.20.150.188",6172
"103.54.141.234",6125
"103.69.36.38",6119
"65.18.114.254",6095
"107.152.39.96",6048
"161.35.23.148",6042
"165.22.65.85",6041
"31.145.189.110",6015
"87.202.17.104",6015
"80.169.243.234",6010
"185.206.127.66",6005
"96.30.79.84",5991
"27.41.67.12",5986
"51.89.138.96",5971
"103.171.86.122",5942
"120.224.117.82",5901
"103.137.218.166",5896
"149.57.11.33",5879
"38.143.66.99",5866
"61.173.27.233",5863
"129.152.5.152",5862
"185.196.220.229",5806
"198.98.48.192",5766
"211.136.172.6",5740
"67.210.146.50",5719
"185.31.210.147",5710
"92.207.253.226",5679
"148.101.179.182",5670
"71.11.239.101",5665
"102.215.197.226",5643
"58.17.8.87",5621
"45.81.144.23",5612
"181.174.115.10",5600
"12.249.236.198",5595
"57.128.169.235",5592
"203.84.141.70",5578
"172.81.58.69",5572
"24.199.89.144",5555
"93.187.163.133",5554
"38.44.108.62",5461
"82.142.176.187",5440
"176.235.131.226",5436
"62.201.223.14",5413
"195.138.69.122",5401
"185.59.101.138",5359
"58.23.234.228",5350
"172.87.136.146",5349
"188.132.222.41",5300
"93.41.142.213",5263
"63.149.121.82",5243
"183.66.145.106",5193
"91.219.24.187",5160
"1.0.170.50",5103
"160.19.103.1",5082
"180.180.123.40",5062
"38.41.29.41",5045
"188.132.222.40",5029
"77.225.198.220",5014
"198.45.128.152",5001
"1.2.252.65",4943
"201.131.239.233",4928
"209.215.70.1",4870
"182.237.16.7",4852
"89.222.200.11",4838
"165.227.81.191",4827
"103.38.183.10",4781
"122.155.186.155",4766
"117.35.208.210",4764
"71.47.97.116",4757
"27.121.82.14",4756
"2001:19f0:5401:13dd:5400:4ff:fe50:a579",4750
"103.188.177.20",4719
"90.189.196.30",4679
"188.132.152.107",4669
"110.78.81.107",4660
"1.1.189.58",4628
"20.83.208.86",4625
"103.55.88.53",4617
"180.180.155.58",4600
"111.53.46.26",4592
"85.117.56.147",4583
"103.48.80.186",4560
"96.30.198.128",4550
"164.92.178.83",4474
"188.132.222.2",4420
"46.18.204.98",4414
"8.210.200.44",4401
"103.142.141.58",4392
"62.201.223.8",4364
"141.101.196.78",4356
"177.240.4.125",4328
"1.10.141.115",4326
"176.88.196.130",4313
"142.190.148.86",4310
"162.55.80.164",4301
"45.229.6.70",4300
"94.231.192.37",4288
"61.7.189.34",4279
"212.154.23.82",4272
"114.227.87.39",4250
"2a06:dd00:10:0:a2:9502:37f7:3387",4249
"51.89.153.112",4247
"45.188.167.24",4246
"95.0.6.237",4240
"179.60.240.69",4141
"206.41.241.118",4133
"24.172.82.94",4130
"2001:19f0:6402:c3f:5400:4ff:fe50:a7d0",4120
"170.83.76.226",4114
"190.61.101.39",4111
"154.212.7.246",4103
"103.167.109.133",4072
"159.223.109.118",4051
"212.55.99.157",4051
"93.72.220.213",4043
"51.38.232.88",4022
"31.42.176.115",4020
"222.128.17.54",4011
"185.173.44.155",3996
"103.248.93.5",3976
"24.106.221.230",3943
"106.37.163.46",3943
"5.164.24.213",3927
"107.178.9.186",3924
"200.29.109.112",3921
"38.7.131.22",3856
"45.176.97.94",3839
"206.189.198.197",3832
"5.135.251.192",3830
"68.233.3.89",3820
"103.116.202.210",3803
"103.157.81.202",3795
"103.105.76.127",3785
"41.254.53.70",3782
"45.189.255.84",3749
"95.139.43.78",3749
"1.1.220.100",3739
"62.201.223.163",3724
"190.61.60.118",3713
"194.124.36.106",3704
"5.164.247.136",3701
"24.173.217.114",3689
"38.51.60.130",3683
"80.87.148.45",3665
"206.72.200.151",3646
"120.195.180.130",3641
"223.112.9.89",3624
"46.18.204.99",3620
"51.91.57.137",3588
"51.210.120.133",3569
"103.174.236.69",3568
"200.63.107.118",3557
"46.41.136.114",3546
"195.174.142.76",3542
"109.87.234.200",3540
"103.157.79.66",3532
"36.227.215.206",3521
"63.151.67.7",3511
"62.201.223.9",3507
"176.236.232.50",3500
"195.9.21.26",3489
"216.122.181.226",3481
"190.61.106.97",3475
"5.196.28.192",3472
"5.173.30.31",3472
"45.152.112.243",3459
"222.71.131.131",3442
"64.227.15.103",3419
"176.236.141.30",3392
"92.247.2.26",3385
"200.85.169.18",3376
"98.175.129.214",3372
"1.1.220.63",3363
"2001:41d0:a:6c46::1",3347
"38.41.53.144",3346
"107.0.255.90",3344
"2a01:4f9:c012:5731::1",3320
"104.131.40.202",3319
"85.92.188.10",3308
"84.54.185.203",3305
"141.95.168.55",3302
"149.34.210.56",3287
"213.5.188.210",3287
"198.98.50.199",3287
"96.75.48.93",3285
"5.173.174.53",3284
"62.201.217.194",3283
"178.170.103.87",3279
"172.108.149.101",3277
"201.77.108.72",3259
"103.74.147.10",3246
"47.243.205.142",3230
"45.174.77.22",3220
"120.224.166.242",3202
"192.46.216.186",3177
"103.74.147.14",3173
"167.235.30.170",3145
"57.128.169.234",3127
"37.148.216.2",3126
"47.243.58.145",3122
"36.85.221.178",3121
"1.179.136.98",3111
"146.190.73.156",3099
"38.52.223.56",3098
"168.196.124.246",3096
"222.132.54.205",3085
"94.130.92.53",3083
"102.38.5.63",3078
"51.68.181.156",3069
"116.80.85.46",3058
"103.79.163.250",3057
"162.247.72.199",3046
"36.227.235.7",3044
"188.40.158.213",3031
"103.93.93.74",3025
"210.57.211.9",3024
"78.186.112.9",3021
"122.185.44.46",3003
"61.19.123.26",2997
"103.140.109.91",2989
"88.99.218.118",2975
"103.166.10.25",2959
"103.105.76.183",2950
"2604:a880:800:10::ca3:8001",2947
"5.167.77.118",2946
"95.163.68.146",2945
"5.173.178.165",2944
"62.122.215.224",2944
"103.187.86.2",2940
"43.159.58.42",2940
"195.85.212.238",2936
"136.243.67.49",2921
"5.173.154.32",2906
"202.166.217.188",2905
"54.38.214.39",2897
"141.144.196.150",2891
"178.169.139.180",2887
"208.64.75.233",2882
"5.173.158.99",2882
"77.227.15.34",2858
"46.4.15.218",2850
"103.157.78.14",2838
"101.109.253.117",2834
"94.130.36.109",2831
"93.95.167.137",2811
"79.140.22.114",2806
"5.173.176.91",2803
"61.19.145.66",2787
"223.72.85.84",2786
"185.206.124.45",2783
"2a01:4f9:4a:4548::2",2780
"103.175.10.250",2771
"120.48.94.112",2761
"114.117.0.61",2749
"114.8.131.178",2746
"146.190.74.49",2744
"5.173.178.55",2738
"167.235.255.167",2736
"37.187.176.44",2721
"223.71.16.154",2714
"162.55.63.180",2707
"85.62.10.82",2701
"146.120.100.187",2696
"202.154.36.45",2692
"183.131.195.254",2689
"103.248.121.252",2687
"188.123.48.13",2686
"103.17.182.102",2685
"85.117.56.151",2683
"198.244.233.73",2678
"103.159.195.199",2667
"41.33.3.35",2662
"36.32.16.219",2660
"5.173.198.29",2659
"205.233.79.29",2656
"173.249.41.202",2650
"219.141.228.129",2645
"23.128.248.27",2640
"103.205.185.82",2629
"125.161.26.174",2629
"103.174.236.52",2625
"5.2.70.214",2611
"103.122.65.50",2606
"61.178.82.2",2598
"60.1.95.244",2586
"110.172.188.92",2585
"188.40.158.211",2562
"45.190.187.85",2554
"148.251.237.114",2530
"83.221.194.199",2517
"185.151.104.142",2516
"182.132.25.51",2503
"88.99.145.237",2498
"185.244.217.247",2497
"23.143.160.168",2480
"103.101.193.50",2479
"92.126.251.98",2466
"46.1.103.186",2466
"103.46.8.64",2453
"159.69.71.153",2449
"120.193.221.10",2447
"92.247.12.130",2447
"198.13.50.162",2440
"103.81.214.254",2437
"31.129.234.34",2431
"201.77.108.48",2428
"78.158.28.177",2422
"146.70.158.214",2409
"38.65.139.141",2388
"103.174.66.122",2388
"104.237.133.125",2374
"94.130.55.36",2372
"163.125.213.196",2365
"103.156.216.178",2357
"91.200.115.49",2343
"168.196.124.244",2334
"45.233.170.77",2331
"95.216.0.58",2327
"135.181.87.74",2308
"45.184.103.19",2304
"195.64.243.249",2298
"165.227.80.229",2294
"216.122.181.234",2293
"72.46.158.122",2285
"131.108.68.138",2279
"65.21.62.119",2274
"199.58.99.208",2256
"46.29.13.186",2254
"93.175.205.112",2249
"218.76.33.122",2248
"185.206.124.47",2243
"5.173.31.18",2234
"103.154.144.98",2233
"186.1.206.154",2232
"103.188.10.113",2225
"185.34.33.2",2221
"2001:19f0:c000:c903:5400:4ff:fe50:a7e7",2215
"78.158.216.199",2213
"38.52.223.54",2211
"181.37.240.89",2209
"176.88.177.197",2198
"86.48.13.150",2188
"95.27.151.47",2185
"165.16.60.209",2182
"198.244.233.83",2181
"45.159.249.167",2178
"202.169.229.139",2175
"103.101.193.46",2173
"180.247.224.8",2172
"2409:8a55:8040:5640::94",2167
"166.149.28.38",2160
"194.44.126.22",2160
"116.202.198.25",2159
"2a01:4f8:c0c:7ed1::1",2148
"5.173.198.2",2147
"47.243.240.47",2146
"31.42.176.197",2146
"23.88.39.146",2138
"193.192.104.152",2136
"203.210.85.215",2135
"95.216.109.20",2129
"95.217.37.155",2123
"222.134.55.87",2118
"110.136.216.59",2113
"221.134.152.75",2111
"37.130.26.82",2110
"111.35.7.175",2095
"103.245.17.86",2083
"23.128.248.14",2073
"104.236.114.255",2072
"175.111.118.250",2069
"106.53.113.134",2067
"165.16.113.1",2063
"135.181.40.200",2046
"51.91.254.137",2043
"125.68.102.196",2043
"146.59.32.205",2042
"58.32.10.221",2036
"103.156.216.194",2025
"139.180.205.219",2025
"117.158.111.198",2016
"5.173.158.44",2013
"65.21.239.178",2012
"165.16.46.193",2012
"94.254.173.176",2010
"213.222.34.200",2007
"194.44.166.182",1995
"62.113.194.54",1993
"106.52.55.93",1993
"41.254.41.250",1993
"178.212.196.177",1990
"50.235.149.74",1980
"93.185.74.214",1978
"193.84.22.42",1978
"159.192.175.43",1977
"73.6.139.162",1971
"118.182.164.109",1965
"170.231.55.142",1962
"165.16.43.4",1942
"199.195.250.165",1928
"162.247.74.7",1917
"46.233.57.244",1917
"109.86.182.203",1914
"118.172.187.127",1911
"195.54.174.84",1909
"51.89.139.2",1907
"103.154.53.67",1898
"31.42.176.194",1898
"103.108.9.213",1898
"131.106.216.130",1898
"103.154.53.43",1890
"142.93.78.172",1874
"36.34.175.249",1874
"58.59.8.26",1868
"179.49.53.181",1861
"42.176.180.33",1857
"175.44.137.143",1847
"154.197.25.114",1840
"157.90.247.215",1829
"110.139.100.243",1826
"8.210.23.233",1823
"176.88.65.186",1816
"94.70.48.73",1814
"182.79.215.130",1812
"36.93.180.169",1807
"109.122.3.122",1807
"181.174.115.78",1803
"157.119.221.21",1801
"2a01:4f8:c012:64d7::1",1795
"91.214.128.125",1792
"2a01:4f8:c0c:40b8::1",1787
"185.244.217.239",1777
"1.179.148.9",1773
"54.187.205.235",1770
"212.154.82.226",1762
"20.64.210.69",1761
"2a01:4f9:c010:b85::1",1753
"94.75.76.3",1752
"175.111.118.230",1734
"103.105.76.182",1732
"61.216.185.88",1731
"103.187.86.10",1726
"38.65.139.154",1723
"212.224.89.135",1714
"159.69.71.130",1712
"5.75.195.220",1711
"184.154.13.122",1706
"176.111.120.19",1705
"137.74.223.30",1698
"181.214.206.24",1696
"71.184.110.215",1695
"146.59.16.175",1693
"202.152.53.166",1685
"74.115.77.9",1679
"103.196.40.255",1678
"178.65.171.6",1677
"54.187.174.169",1656
"38.49.130.130",1653
"192.145.228.225",1650
"185.244.217.118",1644
"103.122.33.34",1644
"79.142.95.90",1642
"103.74.147.26",1636
"38.7.129.133",1623
"94.230.251.122",1615
"195.177.217.131",1609
"103.148.45.60",1609
"24.152.50.89",1604
"46.0.193.10",1602
"195.175.49.66",1600
"82.137.244.74",1597
"114.5.181.10",1590
"212.90.103.45",1587
"117.141.3.187",1577
"81.70.79.52",1577
"103.148.192.74",1574
"2a01:4f8:1c1e:a9c3::1",1572
"47.243.88.120",1569
"47.50.101.94",1567
"117.57.35.94",1563
"185.44.232.30",1561
"146.59.126.181",1554
"158.140.160.9",1552
"216.122.181.250",1543
"77.235.19.2",1541
"212.237.219.42",1537
"212.3.104.126",1536
"2a01:4f9:c012:c3e8::1",1531
"124.239.144.22",1520
"212.104.95.31",1516
"5.230.74.245",1504
"125.227.225.157",1500
"192.177.100.18",1499
"138.201.116.216",1499
"185.116.94.4",1496
"222.241.167.69",1492
"94.130.64.96",1487
"93.125.59.12",1484
"185.206.124.40",1482
"54.187.216.72",1480
"36.67.114.94",1480
"46.10.209.230",1479
"162.247.74.27",1476
"103.254.185.195",1468
"23.128.248.12",1462
"2a01:4f9:c012:e0d9::1",1461
"103.191.250.162",1458
"130.43.63.219",1457
"213.207.48.122",1456
"114.35.245.150",1451
"125.46.99.99",1444
"91.185.3.126",1437
"45.4.200.114",1432
"2a01:4f9:c010:d468::1",1426
"103.65.238.254",1423
"146.59.17.122",1417
"185.220.103.9",1405
"93.175.204.173",1402
"195.181.174.229",1395
"2a01:4f9:c011:bb5b::1",1394
"149.34.244.173",1391
"82.156.101.233",1387
"103.167.171.55",1383
"103.23.98.50",1380
"69.132.57.137",1378
"37.148.217.234",1376
"141.94.66.91",1374
"103.132.54.246",1373
"95.216.6.143",1371
"2a01:4f8:1c1e:7e23::1",1368
"183.66.187.90",1366
"201.77.108.61",1363
"66.128.123.114",1360
"162.247.74.200",1360
"38.7.129.135",1358
"103.211.26.222",1354
"181.78.107.95",1353
"68.64.250.38",1352
"36.88.148.138",1348
"103.174.180.221",1347
"198.98.60.158",1341
"43.254.126.41",1335
"2a01:4f9:c011:b019::1",1334
"157.25.22.51",1328
"2a01:4f9:c011:b2f6::1",1318
"45.229.34.170",1312
"111.42.36.228",1309
"47.243.47.160",1307
"50.199.32.226",1306
"102.68.135.84",1296
"37.110.1.230",1295
"103.160.201.76",1295
"213.226.11.149",1290
"148.251.154.251",1288
"175.20.208.227",1288
"203.128.95.74",1287
"65.109.113.85",1284
"172.72.114.117",1281
"95.217.15.33",1279
"5.141.121.142",1278
"103.169.148.2",1276
"103.241.204.1",1273
"43.224.168.253",1271
"163.53.186.148",1271
"193.106.138.52",1269
"103.83.142.42",1266
"103.125.174.209",1265
"149.50.230.78",1243
"178.158.237.36",1243
"175.178.185.77",1242
"36.91.87.19",1238
"156.146.62.221",1238
"103.142.141.26",1238
"103.83.146.54",1237
"201.77.108.154",1235
"103.210.161.198",1234
"140.82.137.120",1233
"2a01:4f9:c012:466e::1",1230
"198.98.49.203",1226
"103.171.182.162",1225
"186.47.42.50",1222
"185.220.103.6",1220
"54.38.215.103",1220
"124.221.81.138",1216
"185.220.103.119",1207
"103.159.220.141",1201
"119.180.116.139",1201
"124.117.248.134",1200
"36.67.11.154",1200
"103.107.71.160",1196
"51.89.216.138",1196
"216.169.73.65",1193
"23.128.248.16",1182
"157.245.1.59",1179
"157.100.7.218",1178
"146.59.126.179",1174
"106.55.245.228",1173
"112.53.197.101",1173
"104.244.77.192",1170
"181.232.190.106",1169
"45.61.185.172",1169
"23.128.248.31",1166
"128.31.0.13",1165
"132.255.210.116",1164
"180.178.111.218",1164
"159.203.121.26",1164
"103.147.246.65",1163
"20.125.16.139",1158
"176.105.199.153",1149
"36.224.240.220",1138
"36.79.168.220",1138
"103.194.172.26",1137
"97.76.251.138",1135
"103.154.120.107",1132
"109.195.23.223",1130
"185.153.123.111",1125
"95.216.38.78",1122
"84.53.245.42",1115
"103.138.70.217",1114
"36.89.212.250",1113
"113.73.24.195",1110
"116.206.212.241",1110
"182.253.181.130",1107
"49.156.23.162",1105
"190.115.15.21",1099
"185.206.124.41",1097
"104.191.48.32",1097
"103.247.21.97",1092
"51.195.152.200",1091
"113.106.226.47",1079
"102.68.128.206",1072
"117.173.87.196",1068
"124.158.186.254",1067
"103.242.104.28",1066
"194.195.89.147",1063
"43.249.140.230",1063
"201.77.108.157",1063
"103.172.70.27",1061
"103.166.9.42",1061
"193.169.4.12",1057
"193.70.1.203",1054
"5.104.174.199",1052
"93.183.184.252",1051
"102.68.128.193",1044
"116.80.41.16",1040
"159.224.243.185",1039
"199.249.230.100",1038
"185.220.103.118",1037
"23.128.248.15",1037
"36.93.140.71",1036
"103.78.74.44",1035
"87.238.210.213",1033
"190.124.165.199",1030
"162.247.74.74",1029
"165.16.65.16",1028
"190.109.22.250",1027
"74.115.72.102",1025
"190.110.35.97",1024
"165.16.46.65",1022
"103.21.205.83",1018
"203.128.73.122",1013
"172.81.131.139",1011
"103.156.71.50",1011
"20.230.173.130",1009
"70.186.128.126",1007
"202.51.114.209",1007
"113.160.182.236",1005
"43.136.219.146",1001
"31.210.171.105",1001
"92.249.122.108",1001
"103.140.131.107",1000
"24.152.55.2",999
"176.213.178.195",996
"45.87.155.103",992
"103.130.129.113",991
"135.125.239.209",990
"103.115.227.20",988
"140.0.80.246",980
"36.91.27.142",978
"102.68.128.200",973
"182.253.145.6",972
"172.107.231.85",970
"168.196.124.245",966
"102.68.128.204",964
"117.23.57.205",964
"176.37.21.46",961
"83.171.68.177",959
"185.55.40.196",958
"111.42.174.228",956
"191.101.157.112",956
"103.100.175.147",950
"103.144.181.74",946
"179.61.229.94",945
"45.186.106.198",944
"92.42.163.142",934
"109.197.229.142",933
"203.10.99.14",932
"199.195.253.180",932
"93.190.242.193",929
"118.136.145.91",929
"202.180.21.203",927
"103.105.69.254",927
"91.144.163.169",927
"222.211.227.146",921
"113.176.118.150",916
"124.158.175.26",915
"102.68.128.198",915
"222.243.161.34",913
"200.82.153.192",912
"190.93.191.26",912
"103.31.109.59",912
"176.48.170.54",912
"103.36.35.131",912
"102.68.135.123",910
"51.91.252.110",909
"95.217.83.211",905
"200.82.153.212",901
"139.255.5.98",901
"103.180.195.78",900
"185.220.103.117",897
"146.59.83.85",897
"178.158.209.4",896
"45.88.97.16",893
"37.252.65.140",892
"45.61.185.249",892
"38.56.80.9",891
"95.216.4.20",890
"119.2.42.2",884
"185.220.103.8",883
"190.93.191.27",882
"199.195.251.78",880
"1.180.49.222",878
"171.108.228.55",877
"81.201.60.183",876
"185.130.184.115",874
"103.189.104.54",868
"201.77.108.155",867
"103.44.244.142",867
"212.1.64.147",864
"80.240.253.103",862
"5.188.64.240",860
"202.169.51.46",857
"182.253.140.250",852
"103.30.140.155",852
"141.101.196.186",851
"185.118.14.11",846
"190.61.100.117",841
"117.156.178.94",838
"123.182.233.70",836
"216.131.110.155",834
"103.155.166.89",831
"103.155.198.109",827
"132.255.210.119",827
"38.51.48.186",826
"14.182.136.78",819
"220.132.181.64",815
"103.68.207.34",815
"158.181.159.185",814
"43.243.140.194",813
"103.169.148.6",813
"221.221.154.146",811
"103.93.237.222",810
"158.140.185.17",808
"36.88.111.250",807
"81.163.204.122",806
"103.53.77.162",805
"103.171.183.243",805
"103.247.23.69",804
"80.84.176.110",803
"117.69.230.116",798
"109.206.200.13",797
"176.32.2.193",794
"103.146.189.90",793
"190.97.238.80",791
"146.59.126.190",787
"139.5.16.66",785
"103.169.254.47",783
"185.220.103.113",781
"146.70.20.222",778
"93.183.226.96",777
"112.78.134.133",776
"157.230.108.82",773
"146.59.233.33",773
"203.128.71.90",772
"188.239.85.110",772
"103.122.66.138",770
"36.91.166.98",766
"139.0.4.34",765
