{
    "$schema": "https://schema.management.azure.com/schemas/2019-04-01/deploymentTemplate.json#",
    "contentVersion": "1.0.0.0",
    "parameters": {
        "databaseAccounts_fammaleague_tv_name": {
            "defaultValue": "fammaleague-tv",
            "type": "String"
        }
    },
    "variables": {},
    "resources": [
        {
            "type": "Microsoft.DocumentDB/databaseAccounts",
            "apiVersion": "2023-04-15",
            "name": "[parameters('databaseAccounts_fammaleague_tv_name')]",
            "location": "West Europe",
            "tags": {
                "defaultExperience": "Core (SQL)",
                "hidden-cosmos-mmspecial": ""
            },
            "kind": "GlobalDocumentDB",
            "identity": {
                "type": "None"
            },
            "properties": {
                "publicNetworkAccess": "Enabled",
                "enableAutomaticFailover": false,
                "enableMultipleWriteLocations": false,
                "isVirtualNetworkFilterEnabled": false,
                "virtualNetworkRules": [],
                "disableKeyBasedMetadataWriteAccess": false,
                "enableFreeTier": true,
                "enableAnalyticalStorage": false,
                "analyticalStorageConfiguration": {
                    "schemaType": "WellDefined"
                },
                "databaseAccountOfferType": "Standard",
                "defaultIdentity": "FirstPartyIdentity",
                "networkAclBypass": "None",
                "disableLocalAuth": false,
                "enablePartitionMerge": false,
                "minimalTlsVersion": "Tls",
                "consistencyPolicy": {
                    "defaultConsistencyLevel": "Session",
                    "maxIntervalInSeconds": 5,
                    "maxStalenessPrefix": 100
                },
                "locations": [
                    {
                        "locationName": "West Europe",
                        "provisioningState": "Succeeded",
                        "failoverPriority": 0,
                        "isZoneRedundant": false
                    }
                ],
                "cors": [],
                "capabilities": [],
                "ipRules": [],
                "backupPolicy": {
                    "type": "Periodic",
                    "periodicModeProperties": {
                        "backupIntervalInMinutes": 240,
                        "backupRetentionIntervalInHours": 8,
                        "backupStorageRedundancy": "Geo"
                    }
                },
                "networkAclBypassResourceIds": [],
                "keysMetadata": {}
            }
        },
        {
            "type": "Microsoft.DocumentDB/databaseAccounts/sqlDatabases",
            "apiVersion": "2023-04-15",
            "name": "[concat(parameters('databaseAccounts_fammaleague_tv_name'), '/', parameters('databaseAccounts_fammaleague_tv_name'))]",
            "dependsOn": [
                "[resourceId('Microsoft.DocumentDB/databaseAccounts', parameters('databaseAccounts_fammaleague_tv_name'))]"
            ],
            "properties": {
                "resource": {
                    "id": "fammaleague-tv"
                }
            }
        },
        {
            "type": "Microsoft.DocumentDB/databaseAccounts/sqlRoleDefinitions",
            "apiVersion": "2023-04-15",
            "name": "[concat(parameters('databaseAccounts_fammaleague_tv_name'), '/00000000-0000-0000-0000-000000000001')]",
            "dependsOn": [
                "[resourceId('Microsoft.DocumentDB/databaseAccounts', parameters('databaseAccounts_fammaleague_tv_name'))]"
            ],
            "properties": {
                "roleName": "Cosmos DB Built-in Data Reader",
                "type": "BuiltInRole",
                "assignableScopes": [
                    "[resourceId('Microsoft.DocumentDB/databaseAccounts', parameters('databaseAccounts_fammaleague_tv_name'))]"
                ],
                "permissions": [
                    {
                        "dataActions": [
                            "Microsoft.DocumentDB/databaseAccounts/readMetadata",
                            "Microsoft.DocumentDB/databaseAccounts/sqlDatabases/containers/executeQuery",
                            "Microsoft.DocumentDB/databaseAccounts/sqlDatabases/containers/readChangeFeed",
                            "Microsoft.DocumentDB/databaseAccounts/sqlDatabases/containers/items/read"
                        ],
                        "notDataActions": []
                    }
                ]
            }
        },
        {
            "type": "Microsoft.DocumentDB/databaseAccounts/sqlRoleDefinitions",
            "apiVersion": "2023-04-15",
            "name": "[concat(parameters('databaseAccounts_fammaleague_tv_name'), '/00000000-0000-0000-0000-000000000002')]",
            "dependsOn": [
                "[resourceId('Microsoft.DocumentDB/databaseAccounts', parameters('databaseAccounts_fammaleague_tv_name'))]"
            ],
            "properties": {
                "roleName": "Cosmos DB Built-in Data Contributor",
                "type": "BuiltInRole",
                "assignableScopes": [
                    "[resourceId('Microsoft.DocumentDB/databaseAccounts', parameters('databaseAccounts_fammaleague_tv_name'))]"
                ],
                "permissions": [
                    {
                        "dataActions": [
                            "Microsoft.DocumentDB/databaseAccounts/readMetadata",
                            "Microsoft.DocumentDB/databaseAccounts/sqlDatabases/containers/*",
                            "Microsoft.DocumentDB/databaseAccounts/sqlDatabases/containers/items/*"
                        ],
                        "notDataActions": []
                    }
                ]
            }
        },
        {
            "type": "Microsoft.DocumentDB/databaseAccounts/sqlDatabases/containers",
            "apiVersion": "2023-04-15",
            "name": "[concat(parameters('databaseAccounts_fammaleague_tv_name'), '/', parameters('databaseAccounts_fammaleague_tv_name'), '/AffiliateReports')]",
            "dependsOn": [
                "[resourceId('Microsoft.DocumentDB/databaseAccounts/sqlDatabases', parameters('databaseAccounts_fammaleague_tv_name'), parameters('databaseAccounts_fammaleague_tv_name'))]",
                "[resourceId('Microsoft.DocumentDB/databaseAccounts', parameters('databaseAccounts_fammaleague_tv_name'))]"
            ],
            "properties": {
                "resource": {
                    "id": "AffiliateReports",
                    "indexingPolicy": {
                        "indexingMode": "consistent",
                        "automatic": true,
                        "includedPaths": [
                            {
                                "path": "/*",
                                "indexes": [
                                    {
                                        "kind": "Range",
                                        "dataType": "Number",
                                        "precision": -1
                                    },
                                    {
                                        "kind": "Range",
                                        "dataType": "String",
                                        "precision": -1
                                    }
                                ]
                            }
                        ],
                        "excludedPaths": [
                            {
                                "path": "/\"_etag\"/?"
                            }
                        ]
                    },
                    "partitionKey": {
                        "paths": [
                            "/_class"
                        ],
                        "kind": "Hash"
                    },
                    "conflictResolutionPolicy": {
                        "mode": "LastWriterWins",
                        "conflictResolutionPath": "/_ts"
                    }
                }
            }
        },
        {
            "type": "Microsoft.DocumentDB/databaseAccounts/sqlDatabases/containers",
            "apiVersion": "2023-04-15",
            "name": "[concat(parameters('databaseAccounts_fammaleague_tv_name'), '/', parameters('databaseAccounts_fammaleague_tv_name'), '/AffiliateUsers')]",
            "dependsOn": [
                "[resourceId('Microsoft.DocumentDB/databaseAccounts/sqlDatabases', parameters('databaseAccounts_fammaleague_tv_name'), parameters('databaseAccounts_fammaleague_tv_name'))]",
                "[resourceId('Microsoft.DocumentDB/databaseAccounts', parameters('databaseAccounts_fammaleague_tv_name'))]"
            ],
            "properties": {
                "resource": {
                    "id": "AffiliateUsers",
                    "indexingPolicy": {
                        "indexingMode": "consistent",
                        "automatic": true,
                        "includedPaths": [
                            {
                                "path": "/*",
                                "indexes": [
                                    {
                                        "kind": "Range",
                                        "dataType": "Number",
                                        "precision": -1
                                    },
                                    {
                                        "kind": "Range",
                                        "dataType": "String",
                                        "precision": -1
                                    }
                                ]
                            }
                        ],
                        "excludedPaths": [
                            {
                                "path": "/\"_etag\"/?"
                            }
                        ]
                    },
                    "partitionKey": {
                        "paths": [
                            "/_pk"
                        ],
                        "kind": "Hash"
                    },
                    "uniqueKeyPolicy": {
                        "uniqueKeys": [
                            {
                                "paths": [
                                    "/email"
                                ]
                            },
                            {
                                "paths": [
                                    "/afflink"
                                ]
                            }
                        ]
                    },
                    "conflictResolutionPolicy": {
                        "mode": "LastWriterWins",
                        "conflictResolutionPath": "/_ts"
                    }
                }
            }
        },
        {
            "type": "Microsoft.DocumentDB/databaseAccounts/sqlDatabases/containers",
            "apiVersion": "2023-04-15",
            "name": "[concat(parameters('databaseAccounts_fammaleague_tv_name'), '/', parameters('databaseAccounts_fammaleague_tv_name'), '/BOCommonDocs')]",
            "dependsOn": [
                "[resourceId('Microsoft.DocumentDB/databaseAccounts/sqlDatabases', parameters('databaseAccounts_fammaleague_tv_name'), parameters('databaseAccounts_fammaleague_tv_name'))]",
                "[resourceId('Microsoft.DocumentDB/databaseAccounts', parameters('databaseAccounts_fammaleague_tv_name'))]"
            ],
            "properties": {
                "resource": {
                    "id": "BOCommonDocs",
                    "indexingPolicy": {
                        "indexingMode": "consistent",
                        "automatic": true,
                        "includedPaths": [
                            {
                                "path": "/*",
                                "indexes": [
                                    {
                                        "kind": "Range",
                                        "dataType": "Number",
                                        "precision": -1
                                    },
                                    {
                                        "kind": "Range",
                                        "dataType": "String",
                                        "precision": -1
                                    }
                                ]
                            }
                        ],
                        "excludedPaths": [
                            {
                                "path": "/\"_etag\"/?"
                            }
                        ]
                    },
                    "partitionKey": {
                        "paths": [
                            "/_class"
                        ],
                        "kind": "Hash"
                    },
                    "conflictResolutionPolicy": {
                        "mode": "LastWriterWins",
                        "conflictResolutionPath": "/_ts"
                    }
                }
            }
        },
        {
            "type": "Microsoft.DocumentDB/databaseAccounts/sqlDatabases/containers",
            "apiVersion": "2023-04-15",
            "name": "[concat(parameters('databaseAccounts_fammaleague_tv_name'), '/', parameters('databaseAccounts_fammaleague_tv_name'), '/CommonDocs')]",
            "dependsOn": [
                "[resourceId('Microsoft.DocumentDB/databaseAccounts/sqlDatabases', parameters('databaseAccounts_fammaleague_tv_name'), parameters('databaseAccounts_fammaleague_tv_name'))]",
                "[resourceId('Microsoft.DocumentDB/databaseAccounts', parameters('databaseAccounts_fammaleague_tv_name'))]"
            ],
            "properties": {
                "resource": {
                    "id": "CommonDocs",
                    "indexingPolicy": {
                        "indexingMode": "consistent",
                        "automatic": true,
                        "includedPaths": [
                            {
                                "path": "/*",
                                "indexes": [
                                    {
                                        "kind": "Range",
                                        "dataType": "Number",
                                        "precision": -1
                                    },
                                    {
                                        "kind": "Range",
                                        "dataType": "String",
                                        "precision": -1
                                    }
                                ]
                            }
                        ],
                        "excludedPaths": [
                            {
                                "path": "/\"_etag\"/?"
                            }
                        ]
                    },
                    "partitionKey": {
                        "paths": [
                            "/_class"
                        ],
                        "kind": "Hash"
                    },
                    "conflictResolutionPolicy": {
                        "mode": "LastWriterWins",
                        "conflictResolutionPath": "/_ts"
                    }
                }
            }
        },
        {
            "type": "Microsoft.DocumentDB/databaseAccounts/sqlDatabases/containers",
            "apiVersion": "2023-04-15",
            "name": "[concat(parameters('databaseAccounts_fammaleague_tv_name'), '/', parameters('databaseAccounts_fammaleague_tv_name'), '/DiscountCodes')]",
            "dependsOn": [
                "[resourceId('Microsoft.DocumentDB/databaseAccounts/sqlDatabases', parameters('databaseAccounts_fammaleague_tv_name'), parameters('databaseAccounts_fammaleague_tv_name'))]",
                "[resourceId('Microsoft.DocumentDB/databaseAccounts', parameters('databaseAccounts_fammaleague_tv_name'))]"
            ],
            "properties": {
                "resource": {
                    "id": "DiscountCodes",
                    "indexingPolicy": {
                        "indexingMode": "consistent",
                        "automatic": true,
                        "includedPaths": [
                            {
                                "path": "/*",
                                "indexes": [
                                    {
                                        "kind": "Range",
                                        "dataType": "Number",
                                        "precision": -1
                                    },
                                    {
                                        "kind": "Range",
                                        "dataType": "String",
                                        "precision": -1
                                    }
                                ]
                            }
                        ],
                        "excludedPaths": [
                            {
                                "path": "/\"_etag\"/?"
                            }
                        ]
                    },
                    "partitionKey": {
                        "paths": [
                            "/partitionKey"
                        ],
                        "kind": "Hash"
                    },
                    "uniqueKeyPolicy": {
                        "uniqueKeys": [
                            {
                                "paths": [
                                    "/code"
                                ]
                            }
                        ]
                    },
                    "conflictResolutionPolicy": {
                        "mode": "LastWriterWins",
                        "conflictResolutionPath": "/_ts"
                    }
                }
            }
        },
        {
            "type": "Microsoft.DocumentDB/databaseAccounts/sqlDatabases/containers",
            "apiVersion": "2023-04-15",
            "name": "[concat(parameters('databaseAccounts_fammaleague_tv_name'), '/', parameters('databaseAccounts_fammaleague_tv_name'), '/MPOffer')]",
            "dependsOn": [
                "[resourceId('Microsoft.DocumentDB/databaseAccounts/sqlDatabases', parameters('databaseAccounts_fammaleague_tv_name'), parameters('databaseAccounts_fammaleague_tv_name'))]",
                "[resourceId('Microsoft.DocumentDB/databaseAccounts', parameters('databaseAccounts_fammaleague_tv_name'))]"
            ],
            "properties": {
                "resource": {
                    "id": "MPOffer",
                    "indexingPolicy": {
                        "indexingMode": "consistent",
                        "automatic": true,
                        "includedPaths": [
                            {
                                "path": "/*",
                                "indexes": [
                                    {
                                        "kind": "Range",
                                        "dataType": "Number",
                                        "precision": -1
                                    },
                                    {
                                        "kind": "Range",
                                        "dataType": "String",
                                        "precision": -1
                                    }
                                ]
                            }
                        ],
                        "excludedPaths": [
                            {
                                "path": "/\"_etag\"/?"
                            }
                        ]
                    },
                    "partitionKey": {
                        "paths": [
                            "/_class"
                        ],
                        "kind": "Hash"
                    },
                    "conflictResolutionPolicy": {
                        "mode": "LastWriterWins",
                        "conflictResolutionPath": "/_ts"
                    }
                }
            }
        },
        {
            "type": "Microsoft.DocumentDB/databaseAccounts/sqlDatabases/containers",
            "apiVersion": "2023-04-15",
            "name": "[concat(parameters('databaseAccounts_fammaleague_tv_name'), '/', parameters('databaseAccounts_fammaleague_tv_name'), '/Support')]",
            "dependsOn": [
                "[resourceId('Microsoft.DocumentDB/databaseAccounts/sqlDatabases', parameters('databaseAccounts_fammaleague_tv_name'), parameters('databaseAccounts_fammaleague_tv_name'))]",
                "[resourceId('Microsoft.DocumentDB/databaseAccounts', parameters('databaseAccounts_fammaleague_tv_name'))]"
            ],
            "properties": {
                "resource": {
                    "id": "Support",
                    "indexingPolicy": {
                        "indexingMode": "consistent",
                        "automatic": true,
                        "includedPaths": [
                            {
                                "path": "/*",
                                "indexes": [
                                    {
                                        "kind": "Range",
                                        "dataType": "Number",
                                        "precision": -1
                                    },
                                    {
                                        "kind": "Range",
                                        "dataType": "String",
                                        "precision": -1
                                    }
                                ]
                            }
                        ],
                        "excludedPaths": [
                            {
                                "path": "/\"_etag\"/?"
                            }
                        ]
                    },
                    "partitionKey": {
                        "paths": [
                            "/partitionKey"
                        ],
                        "kind": "Hash"
                    },
                    "conflictResolutionPolicy": {
                        "mode": "LastWriterWins",
                        "conflictResolutionPath": "/_ts"
                    }
                }
            }
        },
        {
            "type": "Microsoft.DocumentDB/databaseAccounts/sqlDatabases/containers",
            "apiVersion": "2023-04-15",
            "name": "[concat(parameters('databaseAccounts_fammaleague_tv_name'), '/', parameters('databaseAccounts_fammaleague_tv_name'), '/TelemetryEvents')]",
            "dependsOn": [
                "[resourceId('Microsoft.DocumentDB/databaseAccounts/sqlDatabases', parameters('databaseAccounts_fammaleague_tv_name'), parameters('databaseAccounts_fammaleague_tv_name'))]",
                "[resourceId('Microsoft.DocumentDB/databaseAccounts', parameters('databaseAccounts_fammaleague_tv_name'))]"
            ],
            "properties": {
                "resource": {
                    "id": "TelemetryEvents",
                    "indexingPolicy": {
                        "indexingMode": "consistent",
                        "automatic": true,
                        "includedPaths": [
                            {
                                "path": "/*",
                                "indexes": [
                                    {
                                        "kind": "Range",
                                        "dataType": "Number",
                                        "precision": -1
                                    },
                                    {
                                        "kind": "Range",
                                        "dataType": "String",
                                        "precision": -1
                                    }
                                ]
                            }
                        ],
                        "excludedPaths": [
                            {
                                "path": "/\"_etag\"/?"
                            }
                        ]
                    },
                    "partitionKey": {
                        "paths": [
                            "/_pk"
                        ],
                        "kind": "Hash"
                    },
                    "conflictResolutionPolicy": {
                        "mode": "LastWriterWins",
                        "conflictResolutionPath": "/_ts"
                    }
                }
            }
        },
        {
            "type": "Microsoft.DocumentDB/databaseAccounts/sqlDatabases/containers",
            "apiVersion": "2023-04-15",
            "name": "[concat(parameters('databaseAccounts_fammaleague_tv_name'), '/', parameters('databaseAccounts_fammaleague_tv_name'), '/Users')]",
            "dependsOn": [
                "[resourceId('Microsoft.DocumentDB/databaseAccounts/sqlDatabases', parameters('databaseAccounts_fammaleague_tv_name'), parameters('databaseAccounts_fammaleague_tv_name'))]",
                "[resourceId('Microsoft.DocumentDB/databaseAccounts', parameters('databaseAccounts_fammaleague_tv_name'))]"
            ],
            "properties": {
                "resource": {
                    "id": "Users",
                    "indexingPolicy": {
                        "indexingMode": "consistent",
                        "automatic": true,
                        "includedPaths": [
                            {
                                "path": "/*",
                                "indexes": [
                                    {
                                        "kind": "Range",
                                        "dataType": "Number",
                                        "precision": -1
                                    },
                                    {
                                        "kind": "Range",
                                        "dataType": "String",
                                        "precision": -1
                                    }
                                ]
                            }
                        ],
                        "excludedPaths": [
                            {
                                "path": "/\"_etag\"/?"
                            }
                        ]
                    },
                    "partitionKey": {
                        "paths": [
                            "/partitionKey"
                        ],
                        "kind": "Hash"
                    },
                    "uniqueKeyPolicy": {
                        "uniqueKeys": [
                            {
                                "paths": [
                                    "/email"
                                ]
                            }
                        ]
                    },
                    "conflictResolutionPolicy": {
                        "mode": "LastWriterWins",
                        "conflictResolutionPath": "/_ts"
                    }
                }
            }
        },
        {
            "type": "Microsoft.DocumentDB/databaseAccounts/sqlDatabases/containers/throughputSettings",
            "apiVersion": "2023-04-15",
            "name": "[concat(parameters('databaseAccounts_fammaleague_tv_name'), '/', parameters('databaseAccounts_fammaleague_tv_name'), '/AffiliateReports/default')]",
            "dependsOn": [
                "[resourceId('Microsoft.DocumentDB/databaseAccounts/sqlDatabases/containers', parameters('databaseAccounts_fammaleague_tv_name'), parameters('databaseAccounts_fammaleague_tv_name'), 'AffiliateReports')]",
                "[resourceId('Microsoft.DocumentDB/databaseAccounts/sqlDatabases', parameters('databaseAccounts_fammaleague_tv_name'), parameters('databaseAccounts_fammaleague_tv_name'))]",
                "[resourceId('Microsoft.DocumentDB/databaseAccounts', parameters('databaseAccounts_fammaleague_tv_name'))]"
            ],
            "properties": {
                "resource": {
                    "throughput": 400
                }
            }
        },
        {
            "type": "Microsoft.DocumentDB/databaseAccounts/sqlDatabases/containers/throughputSettings",
            "apiVersion": "2023-04-15",
            "name": "[concat(parameters('databaseAccounts_fammaleague_tv_name'), '/', parameters('databaseAccounts_fammaleague_tv_name'), '/AffiliateUsers/default')]",
            "dependsOn": [
                "[resourceId('Microsoft.DocumentDB/databaseAccounts/sqlDatabases/containers', parameters('databaseAccounts_fammaleague_tv_name'), parameters('databaseAccounts_fammaleague_tv_name'), 'AffiliateUsers')]",
                "[resourceId('Microsoft.DocumentDB/databaseAccounts/sqlDatabases', parameters('databaseAccounts_fammaleague_tv_name'), parameters('databaseAccounts_fammaleague_tv_name'))]",
                "[resourceId('Microsoft.DocumentDB/databaseAccounts', parameters('databaseAccounts_fammaleague_tv_name'))]"
            ],
            "properties": {
                "resource": {
                    "throughput": 400
                }
            }
        },
        {
            "type": "Microsoft.DocumentDB/databaseAccounts/sqlDatabases/containers/throughputSettings",
            "apiVersion": "2023-04-15",
            "name": "[concat(parameters('databaseAccounts_fammaleague_tv_name'), '/', parameters('databaseAccounts_fammaleague_tv_name'), '/BOCommonDocs/default')]",
            "dependsOn": [
                "[resourceId('Microsoft.DocumentDB/databaseAccounts/sqlDatabases/containers', parameters('databaseAccounts_fammaleague_tv_name'), parameters('databaseAccounts_fammaleague_tv_name'), 'BOCommonDocs')]",
                "[resourceId('Microsoft.DocumentDB/databaseAccounts/sqlDatabases', parameters('databaseAccounts_fammaleague_tv_name'), parameters('databaseAccounts_fammaleague_tv_name'))]",
                "[resourceId('Microsoft.DocumentDB/databaseAccounts', parameters('databaseAccounts_fammaleague_tv_name'))]"
            ],
            "properties": {
                "resource": {
                    "throughput": 400
                }
            }
        },
        {
            "type": "Microsoft.DocumentDB/databaseAccounts/sqlDatabases/containers/throughputSettings",
            "apiVersion": "2023-04-15",
            "name": "[concat(parameters('databaseAccounts_fammaleague_tv_name'), '/', parameters('databaseAccounts_fammaleague_tv_name'), '/CommonDocs/default')]",
            "dependsOn": [
                "[resourceId('Microsoft.DocumentDB/databaseAccounts/sqlDatabases/containers', parameters('databaseAccounts_fammaleague_tv_name'), parameters('databaseAccounts_fammaleague_tv_name'), 'CommonDocs')]",
                "[resourceId('Microsoft.DocumentDB/databaseAccounts/sqlDatabases', parameters('databaseAccounts_fammaleague_tv_name'), parameters('databaseAccounts_fammaleague_tv_name'))]",
                "[resourceId('Microsoft.DocumentDB/databaseAccounts', parameters('databaseAccounts_fammaleague_tv_name'))]"
            ],
            "properties": {
                "resource": {
                    "throughput": 400
                }
            }
        },
        {
            "type": "Microsoft.DocumentDB/databaseAccounts/sqlDatabases/containers/throughputSettings",
            "apiVersion": "2023-04-15",
            "name": "[concat(parameters('databaseAccounts_fammaleague_tv_name'), '/', parameters('databaseAccounts_fammaleague_tv_name'), '/DiscountCodes/default')]",
            "dependsOn": [
                "[resourceId('Microsoft.DocumentDB/databaseAccounts/sqlDatabases/containers', parameters('databaseAccounts_fammaleague_tv_name'), parameters('databaseAccounts_fammaleague_tv_name'), 'DiscountCodes')]",
                "[resourceId('Microsoft.DocumentDB/databaseAccounts/sqlDatabases', parameters('databaseAccounts_fammaleague_tv_name'), parameters('databaseAccounts_fammaleague_tv_name'))]",
                "[resourceId('Microsoft.DocumentDB/databaseAccounts', parameters('databaseAccounts_fammaleague_tv_name'))]"
            ],
            "properties": {
                "resource": {
                    "throughput": 400
                }
            }
        },
        {
            "type": "Microsoft.DocumentDB/databaseAccounts/sqlDatabases/containers/throughputSettings",
            "apiVersion": "2023-04-15",
            "name": "[concat(parameters('databaseAccounts_fammaleague_tv_name'), '/', parameters('databaseAccounts_fammaleague_tv_name'), '/MPOffer/default')]",
            "dependsOn": [
                "[resourceId('Microsoft.DocumentDB/databaseAccounts/sqlDatabases/containers', parameters('databaseAccounts_fammaleague_tv_name'), parameters('databaseAccounts_fammaleague_tv_name'), 'MPOffer')]",
                "[resourceId('Microsoft.DocumentDB/databaseAccounts/sqlDatabases', parameters('databaseAccounts_fammaleague_tv_name'), parameters('databaseAccounts_fammaleague_tv_name'))]",
                "[resourceId('Microsoft.DocumentDB/databaseAccounts', parameters('databaseAccounts_fammaleague_tv_name'))]"
            ],
            "properties": {
                "resource": {
                    "throughput": 400
                }
            }
        },
        {
            "type": "Microsoft.DocumentDB/databaseAccounts/sqlDatabases/containers/throughputSettings",
            "apiVersion": "2023-04-15",
            "name": "[concat(parameters('databaseAccounts_fammaleague_tv_name'), '/', parameters('databaseAccounts_fammaleague_tv_name'), '/Support/default')]",
            "dependsOn": [
                "[resourceId('Microsoft.DocumentDB/databaseAccounts/sqlDatabases/containers', parameters('databaseAccounts_fammaleague_tv_name'), parameters('databaseAccounts_fammaleague_tv_name'), 'Support')]",
                "[resourceId('Microsoft.DocumentDB/databaseAccounts/sqlDatabases', parameters('databaseAccounts_fammaleague_tv_name'), parameters('databaseAccounts_fammaleague_tv_name'))]",
                "[resourceId('Microsoft.DocumentDB/databaseAccounts', parameters('databaseAccounts_fammaleague_tv_name'))]"
            ],
            "properties": {
                "resource": {
                    "throughput": 400
                }
            }
        },
        {
            "type": "Microsoft.DocumentDB/databaseAccounts/sqlDatabases/containers/throughputSettings",
            "apiVersion": "2023-04-15",
            "name": "[concat(parameters('databaseAccounts_fammaleague_tv_name'), '/', parameters('databaseAccounts_fammaleague_tv_name'), '/TelemetryEvents/default')]",
            "dependsOn": [
                "[resourceId('Microsoft.DocumentDB/databaseAccounts/sqlDatabases/containers', parameters('databaseAccounts_fammaleague_tv_name'), parameters('databaseAccounts_fammaleague_tv_name'), 'TelemetryEvents')]",
                "[resourceId('Microsoft.DocumentDB/databaseAccounts/sqlDatabases', parameters('databaseAccounts_fammaleague_tv_name'), parameters('databaseAccounts_fammaleague_tv_name'))]",
                "[resourceId('Microsoft.DocumentDB/databaseAccounts', parameters('databaseAccounts_fammaleague_tv_name'))]"
            ],
            "properties": {
                "resource": {
                    "throughput": 400
                }
            }
        },
        {
            "type": "Microsoft.DocumentDB/databaseAccounts/sqlDatabases/containers/throughputSettings",
            "apiVersion": "2023-04-15",
            "name": "[concat(parameters('databaseAccounts_fammaleague_tv_name'), '/', parameters('databaseAccounts_fammaleague_tv_name'), '/Users/default')]",
            "dependsOn": [
                "[resourceId('Microsoft.DocumentDB/databaseAccounts/sqlDatabases/containers', parameters('databaseAccounts_fammaleague_tv_name'), parameters('databaseAccounts_fammaleague_tv_name'), 'Users')]",
                "[resourceId('Microsoft.DocumentDB/databaseAccounts/sqlDatabases', parameters('databaseAccounts_fammaleague_tv_name'), parameters('databaseAccounts_fammaleague_tv_name'))]",
                "[resourceId('Microsoft.DocumentDB/databaseAccounts', parameters('databaseAccounts_fammaleague_tv_name'))]"
            ],
            "properties": {
                "resource": {
                    "throughput": 400
                }
            }
        }
    ]
}